,numeric_index
Aiven,49
Arista Networks Inc.,41
Arrikto Inc.,33
Aviatrix,47
Bitnami,1
BlueCat Networks,5
Center for Internet Security,38
CIS (Center for Internet Security),38
CIS Center for Internet Security,38
Check Point Software Technologies,15
Cisco Systems,18
"Cisco Systems, Inc.",18
"Citrix Systems, Inc.",8
Citrix,8
Cloud Infrastructure Services,7
Cognosys Inc.,4
Cognosys,4
AlmaLinux,17
Canonical,17
Debian,17
Fedora CoreOS,17
RedHat,17
Dataiku,59
Dell EMC,16
Elasticsearch,56
Ergon Informatik AG,25
F5 Networks,19
fastly-public-46a6,24
Filemage LLC,30
Flowmon Networks,0
Fortinet Inc.,3
fortigcp-project-001,3
Trifacta,0
Grafana Labs,29
H2O.ai,57
IBM Security,35
JFrog,22
"Kaminario, inc.",43
Litmus Automation Inc,54
Maidenhead Bridge Limited,37
matillion-etl-for-bq-public,44
"NGINX, Inc",39
"Neo4j, Inc.",31
netapp-cloudmanager,9
41748,9
"Odysseus Data Services, Inc",40
OpenVPN Inc.,26
"Palo Alto Networks, Inc.",34
Palo Alto Networks,34
Qualys,27
qumulo-public,11
"RStudio, Inc.",14
Reblaze,32
Redis Labs,42
StreamSets Inc,20
Techlatest.net,6
VMware Inc.,21
Veeam Software,12
Velostrata,36
